major,major_name,required_classes
aerospaceengineering_bs,Aerospace Engineering,"['CHEM1A', 'orENGR1A', 'CHEM1LE', 'MATH2A', 'MATH2B', 'MATH2D', 'MATH2E', 'MATH3A', 'MATH3D', 'PHYSICS7C', 'PHYSICS7LC', 'PHYSICS7D', 'PHYSICS7E', 'PHYSICS7LD', 'PHYSICS52A', 'ENGR54', 'ENGRMAE10', 'ENGRMAE30', 'ENGRMAE60', 'orEECS70A', 'ENGRMAE80', 'ENGRMAE91', 'ENGRMAE106', 'ENGRMAE108', 'ENGRMAE112', 'ENGRMAE130A', 'ENGRMAE130B', 'ENGRMAE130C', 'ENGRMAE136', 'ENGRMAE146', 'ENGRMAE150', 'ENGRMAE150L', 'ENGRMAE157', 'ENGRMAE158', 'ENGRMAE159', 'ENGRMAE170', 'ENGRMAE175', 'ENGR7A', 'ENGR7B', 'ENGRCEE125', 'ENGRCEE160', 'ENGRCEE165', 'EECS152A', 'EECS152B', 'MSE190', 'BME111', 'BME120', 'BME121', 'STATS67', 'COMPSCI131', 'PHYSICS111A', 'PHYSICS111B', 'PHYSICS112A', 'PHYSICS112B', 'ECON20A', 'orECON23', 'ENGR190W']"
africanamericanstudies_ba,African American Studies,"['AFAM40A', 'AFAM40B', 'AFAM40C', 'AFAM221', 'AFAM221', 'AFAM222', 'AFAM222', 'AFAM223', 'AFAM224', 'AFAM225', 'AFAM228', 'AFAM245', 'AFAM248', 'AFAM264', 'AFAM264', 'AFAM267', 'AFAM268', 'AFAM283', 'AFAM284', 'AFAM285', 'AFAM301', 'AFAM302', 'AFAM303', 'AFAM304', 'AFAM305', 'AFAM306', 'AFAM307', 'AFAM308', 'AFAM309', 'AFAM162W']"
anthropology_ba,Antrhopology,"['ANTHRO2A', 'ANTHRO2B', 'ANTHRO2C', 'ANTHRO2D', 'ANTHRO2B', 'ANTHRO2C', 'ANTHRO2D', 'ANTHRO100A', 'ANTHRO100B', 'ANTHRO180AW']"
appliedphysics_bs,Applied Physics,"['MATH2A', 'orMATH5A', 'MATH2B', 'MATH2D', 'MATH2E', 'MATH3A', 'MATH3D', 'PHYSICS50', 'PHYSICS61A', 'orPHYSICS51A', 'PHYSICS111A', 'PHYSICS112A', 'PHYSICS113A', 'PHYSICS115A', 'PHYSICS53', 'I&CSCI45C', 'MATH9', 'EECS10', 'EECS12', 'PHYSICS60', 'CHEM1C', 'ENGRMAE91', 'CHEM1LC', 'CHEM1LD', 'CHEM51LB', 'CHEM51LC', 'ENGR7A', 'ENGR7B', 'EECS70LA', 'EECS70LB', 'PHYSICS106W', 'PHYSICS120', 'PHYSICS121W', 'PHYSICS139', 'PHYSICS193', 'PHYSICS196C', 'PHYSICS194', 'PHYSCI139W', 'EDUC143BW', 'BIOSCI97', 'BIOSCI98', 'BIOSCI99', 'CHEM1LC', 'CHEM1LD', 'CHEM51A', 'CHEM51B', 'CHEM1A', 'CHEM1B', 'CHEM1C', 'CHEM1LC', 'CHEM1LD', 'CHEM51B', 'CHEM51A', 'BIOSCI97', 'BIOSCI98', 'BIOSCI99', 'EECS70A', 'EECS70B', 'EECS70LB', 'EECS170A', 'EECS170LA', 'EECS170B', 'EECS170LB', 'EECS170C', 'EECS170LC', 'EECS174', 'EECS188', 'ENGRMAE120', 'ENGRMAE130A', 'ENGRMAE147', 'EECS70A', 'EECS70B', 'EECS70LB', 'EECS170A', 'EECS170LA', 'EECS170B', 'EECS170LB', 'PHYSICS106W', 'EECS188', 'EECS170C', 'EECS170LC']"
art_ba,Art,"['ART1A', 'ART1B', 'ART1C', 'ART9A', 'ART11A', 'ARTHIS40A', 'ARTHIS40B', 'ARTHIS40C', 'ARTHIS42A', 'ARTHIS42B', 'ARTHIS42C', 'ARTHIS42D']"
arthistory_ba,Art History,"['ARTHIS30', 'ARTHIS40A', 'ARTHIS40B', 'ARTHIS40C', 'ARTHIS42A', 'ARTHIS42B', 'ARTHIS42C', 'ARTHIS42D', 'ARTHIS42E', 'ARTHIS44', 'ARTHIS55', 'ARTHIS155A', 'ARTHIS110', 'ARTHIS111B', 'ARTHIS114', 'ARTHIS155B', 'ARTHIS151B', 'ARTHIS165A', 'ARTHIS134C', 'ARTHIS134D', 'ARTHIS134E', 'ARTHIS145A', 'ARTHIS151C', 'ARTHIS156', 'ARTHIS164A', 'ARTHIS164E', 'ARTHIS165B', 'ARTHIS165C', 'ARTHIS140A', 'ARTHIS140B', 'ARTHIS145B', 'ARTHIS162C', 'ARTHIS163', 'ARTHIS164B', 'ARTHIS164D', 'ARTHIS190W', 'ARTHIS198']"
asianamericanstudies_ba,Asian American Studies,"['ASIANAM50', 'orASIANAM51', 'ASIANAM52', 'orASIANAM53', 'ASIANAM54', 'orASIANAM55', 'ASIANAM100W']"
biochemistryandmolecularbiology_bs,Biochemsitry and Molecular Biology,"['CHEM128', 'CHEM132A', 'CHEM132B', 'CHEM132C', 'PHRMSCI170A', 'PHRMSCI171', 'CHEM128', 'CHEM132A', 'CHEM132B', 'CHEM132C', 'PHRMSCI170A', 'PHRMSCI171']"
biologicalsciences_bs,Biological Sciences,"['CHEM132A', 'CHEM132B', 'CHEM132C', 'PHRMSCI170A', 'PHRMSCI170B', 'PHRMSCI171', 'PHRMSCI173', 'PHRMSCI174', 'PHRMSCI177', 'BIOSCI14', 'BIOSCI101', 'EARTHSS1', 'EARTHSS7', 'PHYSICS20A', 'PHYSICS20B', 'EDUC108', 'EDUC124', 'EDUC128', 'EDUC131', 'EDUC173']"
biologyeducation_bs,Biology Education,"['PHRMSCI170A', 'PHRMSCI170B', 'PHRMSCI171', 'PHRMSCI173', 'PHRMSCI174', 'CHEM177', 'BIOSCI14', 'BIOSCI101', 'BIOSCI108', 'EDUC55', 'EDUC109', 'EDUC143AW', 'EDUC143BW', 'EDUC148', 'EDUC158', 'BIOSCI14', 'BIOSCI101', 'BIOSCI108', 'EDUC55', 'EDUC109', 'EDUC143AW', 'EDUC143BW', 'EDUC148', 'EDUC158', 'LPS60', 'BIOSCI101', 'EDUC55', 'EDUC109', 'EDUC143AW', 'EDUC143BW', 'EDUC148', 'EDUC158', 'EARTHSS1', 'EARTHSS7', 'PHYSICS20A', 'BIOSCI101', 'EDUC143AW', 'EDUC148']"
biomedicalengineering_bs,Biomedical Engineering,"['CHEM1LC', 'MATH2A', 'MATH2B', 'MATH2D', 'MATH2E', 'MATH3A', 'MATH3D', 'PHYSICS7C', 'PHYSICS7LC', 'PHYSICS7D', 'PHYSICS7E', 'PHYSICS7LD', 'STATS8', 'BME1', 'BME50A', 'BME50B', 'BME111', 'BME120', 'BME121', 'BME130', 'BME140', 'BME150', 'BME170', 'ENGR190W', 'BME135', 'BME136', 'BME137', 'BME138', 'EECS180A', 'BME142', 'BME147', 'BME148', 'MSE141', 'ENGRMAE153']"
biomedicalengineeringpremedical_bs,Biomedical Engineering Premedical,"['CHEM1LC', 'CHEM1LD', 'CHEM51LB', 'CHEM51LC', 'MATH2A', 'MATH2B', 'MATH2D', 'MATH3A', 'MATH3D', 'PHYSICS7C', 'PHYSICS7LC', 'PHYSICS7D', 'PHYSICS7E', 'PHYSICS7LD', 'BIOSCI97', 'BIOSCI98', 'BIOSCI99', 'BIOSCI100', 'BME1', 'BME110A', 'BME110B', 'BME111', 'BME120', 'BME121', 'BME130', 'BME150', 'BME135', 'BME136', 'BME137', 'BME138', 'EECS180A', 'BME142', 'BME147', 'BME148', 'MSE141', 'ENGRMAE153']"
businessadministration_ba,Business Administration,"['MATH2A', 'MATH2B', 'MGMT1', 'MGMT4A', 'orECON20A', 'MGMT4B', 'orECON20B', 'MGMT7', 'MGMT30A', 'MGMT30B', 'MGMT101', 'MGMT102', 'MGMT105', 'MGMT107', 'MGMT109', 'MGMT110', 'MGMT191W', 'MGMT131A', 'MGMT131B', 'MGMT131C', 'MGMT132A', 'MGMT133', 'MGMT134', 'MGMT137', 'MGMT138', 'MGMT194', 'MGMT141', 'MGMT144', 'MGMT147', 'MGMT149', 'MGMT171', 'MGMT173', 'MGMT174', 'MGMT178', 'MGMT150', 'MGMT151', 'MGMT154', 'MGMT155', 'MGMT189', 'MGMT182', 'MGMT196', 'MGMT125', 'MGMT126', 'MGMT128', 'MGMT129', 'MGMT128', 'MGMT144', 'MGMT154']"
businesseconomics_ba,Business Economics,"['ECON20A', 'ECON20B', 'ECON15A', 'ECON15B', 'ECON25', 'MATH2A', 'MATH2B', 'ECON122A', 'ECON122B', 'ECON125', 'ECON131A', 'ECON132A', 'ECON134A', 'ECON134B', 'ECON135', 'ECON142A', 'ECON143', 'ECON161A', 'ECON161B', 'ECON167', 'ECON140', 'ECON145L', 'ECON147A', 'ECON147B', 'ECON148', 'ECON115', 'ECON151A', 'ECON165']"
businessinformationmanagement_bs,Business Information Management,"['I&CSCI31', 'I&CSCI32', 'I&CSCI33', 'I&CSCI32A', 'I&CSCI33', 'I&CSCI45J', 'MATH2A', 'MATH2B', 'I&CSCI6D', 'I&CSCI6N', 'orMATH3A', 'STATS7', 'orSTATS8', 'orSTATS67', 'ECON20A', 'ECON20B', 'MGMT30A', 'MGMT30B', 'MGMT101', 'MGMT102', 'MGMT105', 'MGMT107', 'MGMT109', 'MGMT110', 'MGMT173', 'MGMT178', 'MGMT189', 'STATS110']"
chemicalengineering_bs,Chemical Engineering,"['CHEM1A', 'orENGR1A', 'CBE105', 'MATH2A', 'MATH2B', 'MATH2D', 'MATH2E', 'MATH3A', 'MATH3D', 'PHYSICS7C', 'PHYSICS7LC', 'PHYSICS7D', 'PHYSICS7LD', 'CBE1', 'CBE100', 'CBE110', 'CBE130', 'CBE140A', 'CBE140B', 'CBE145', 'CBE150A', 'CBE150B', 'CBE160', 'ENGR54', 'ENGRMAE10', 'ENGR190W', 'CBE161', 'CBE163', 'BIOSCI98', 'BIOSCI99', 'BME50A', 'BME50B', 'BME114', 'BME121', 'BME132', 'BME160', 'CBE199', 'CBE172', 'CBE175', 'CBE176', 'CBE199', 'MSE141', 'ENGRCEE160', 'ENGRCEE162', 'ENGRCEE163', 'ENGRCEE164', 'ENGRCEE165', 'ENGRMAE110', 'ENGRMAE114', 'ENGRMAE117', 'ENGRMAE164', 'MSE158', 'MSE171', 'CBE181', 'CBE183', 'CBE187', 'CBE199', 'MSE69', 'MSE141', 'MSE155', 'MSE158', 'MSE164', 'MSE174', 'ENGRMAE155']"
chemistry_bs,Chemistry,"['PHYSICS7LC', 'PHYSICS7LD', 'CHEM5', 'CHEM107', 'CHEM107L', 'CHEM152', 'BIOSCI98', 'BIOSCI99', 'CBE110', 'CBE130', 'CBE145', 'CBE161', 'CBE181', 'CBE183', 'CHEM100', 'CHEM125', 'CHEM127', 'CHEM128', 'CHEM133', 'CHEM138', 'CHEM141', 'CHEM145A', 'CHEM145B', 'CHEM150', 'CHEM177', 'EARTHSS142', 'EARTHSS144', 'EARTHSS171', 'ENGRCEE162', 'ENGRMAE114', 'ENGRMAE164', 'MSE141', 'MSE164', 'PHRMSCI170A', 'PHRMSCI170B', 'PHRMSCI171', 'PHYSICS111A', 'PHYSICS111B', 'PHYSICS112A', 'PHYSICS112B', 'PUBHLTH171', 'CBE140A', 'CBE140B', 'CHEM128L', 'CHEM133L', 'CHEM150L', 'CHEM153', 'CHEM156', 'CHEM160', 'CHEM177L', 'CHEM180', 'CHEM197', 'EARTHSS114', 'MATH2A', 'MATH2B', 'MATH2D', 'CHEM11', 'CHEM5', 'PHYSICS7E', 'PHYSICS7C', 'PHYSICS7LC', 'PHYSICS7D', 'PHYSICS7LD', 'CHEM132A', 'CHEM132B', 'CHEM132C', 'CHEM107', 'CHEM152', 'CHEM107L', 'CHEM128', 'CHEM128L', 'CHEM153', 'CHEM156', 'CHEM160', 'CHEM180', 'CHEM125', 'CHEM127', 'CHEM133', 'CHEM133L', 'CHEM138', 'CHEM141', 'CHEM150', 'CHEM150L', 'CHEM177', 'CHEM177L', 'BIOSCI97', 'BIOSCI98', 'BIOSCI99', 'CHEM128', 'CHEM128L', 'CHEM145A', 'orEARTHSS142', 'EARTHSS144', 'CHEM141', 'CHEM153', 'CHEM128', 'CHEM128L', 'CHEM160', 'CHEM177', 'CHEM177L', 'CHEM133', 'CHEM133L', 'CHEM153', 'CHEM125', 'CHEM127', 'CHEM156', 'CHEM160', 'CHEM193', 'EDUC55', 'PHYSCI5', 'PHYSCI105', 'MATH3A', 'MATH3D', 'PHYSICS50', 'CHEM150', 'CHEM150L', 'PHYSICS111A', 'PHYSICS112A', 'PHYSICS111B', 'PHYSICS112B', 'PHYSICS113A', 'PHYSICS113B', 'PHYSICS113C', 'PHYSICS115A', 'PHYSICS125A', 'PHYSICS125B', 'MATH105A', 'MATH105LA', 'MATH105B', 'MATH105LB', 'STATS7', 'STATS110', 'STATS111', 'STATS112', 'EECS12', 'EECS20', 'EECS22', 'EECS22L', 'CHEM5', 'CHEM107L', 'CHEM152', 'MATH2A', 'MATH2B', 'MATH2D', 'PHYSICS7C', 'PHYSICS7LC', 'PHYSICS7D', 'PHYSICS7LD', 'PHYSICS7E', 'MATH3A', 'MATH3D', 'CHEM132A', 'CHEM132B', 'CHEM132C', 'CHEM107', 'PHYSICS112A', 'PHYSICS113A', 'PHYSICS111A', 'EECS20', 'EECS12', 'PHYSICS50', 'CHEM150', 'CHEM150L', 'MATH105A', 'MATH105LA', 'CHEM132A', 'CHEM132B', 'CHEM132C', 'CHEM107', 'STATS7', 'PHYSICS50', 'MATH105A', 'MATH105LA', 'EECS20', 'EECS12', 'CHEM150', 'CHEM150L', 'PHYSICS113A', 'PHYSICS111A', 'PHYSICS112A', 'EECS22L', 'EDUC109', 'EDUC143AW', 'EDUC143BW', 'EDUC148', 'EDUC158', 'LPS60', 'MATH2A', 'MATH2B', 'MATH2D', 'PHYSCI5', 'CHEM5', 'PHYSICS7C', 'PHYSICS7LC', 'PHYSICS7D', 'PHYSICS7LD', 'PHYSCI105', 'CHEM193', 'LPS60', 'CHEM132A', 'CHEM132B', 'CHEM132C', 'CHEM107', 'CHEM152', 'CHEM107L', 'EDUC55', 'EDUC143AW', 'EDUC148', 'PHYSICS7E', 'EDUC143BW', 'EDUC109', 'EDUC158', 'EDUC158']"
chicanolatinostudies_ba,Chicano Latino Studies,"['SPANISH2A', 'EDUC124']"
chinesestudies_ba,Chinese Studies,"['CHINESE3C', 'EAS15C', 'EAS190', 'EAS130', 'EAS140', 'KOREAN101A', 'HISTORY173G', 'EAS120', 'EAS123', 'JAPANSE101A', 'JAPANSE101B', 'HISTORY172G', 'SOCSCI178E', 'ARTHIS151B', 'ARTHIS151C', 'CHINESE40', 'CHINESE100A', 'CHINESE100B', 'CHINESE100C', 'CHINESE115', 'EAS110', 'INTLST176C', 'INTLST158D', 'POLSCI151B', 'HISTORY171D', 'HISTORY171E', 'HISTORY171E', 'HISTORY171G', 'SOCIOL172', 'SOCIOL175B', 'CHINESE2C', 'HISTORY171D', 'HISTORY171E', 'EAS15C', 'EAS190', 'EAS130', 'EAS140', 'KOREAN101A', 'HISTORY173G', 'EAS120', 'EAS123', 'JAPANSE101A', 'JAPANSE101B', 'HISTORY172G', 'SOCSCI178E', 'ARTHIS151B', 'ARTHIS151C', 'CHINESE40', 'CHINESE100A', 'CHINESE100B', 'CHINESE100C', 'CHINESE115', 'EAS110', 'INTLST176C', 'INTLST158D', 'POLSCI151B', 'HISTORY171D', 'HISTORY171E', 'HISTORY171G', 'SOCIOL172', 'SOCIOL175B']"
civilengineering_bs,Civil Engineering,"['CHEM1A', 'ENGR1A', 'CHEM1B', 'ENGRCEE11', 'MATH2A', 'MATH2B', 'MATH2D', 'MATH3A', 'MATH3D', 'MATH2E', 'PHYSICS7C', 'PHYSICS7LC', 'PHYSICS7D', 'PHYSICS7LD', 'ENGR7A', 'ENGR7B', 'CHEM1LE', 'CHEM1C', 'CHEM1LC', 'EECS70A', 'ENGR54', 'ENGRMAE80', 'ENGRMAE91', 'ENGRCEE20', 'ENGRCEE21', 'ENGRCEE30', 'ENGRCEE81A', 'ENGRCEE81B', 'ENGRCEE110', 'ENGRCEE111', 'ENGRCEE121', 'ENGRCEE130', 'ENGRCEE130L', 'ENGRCEE150', 'ENGRCEE150L', 'ENGRCEE151A', 'ENGRCEE151C', 'ENGRCEE160', 'ENGRCEE170', 'ENGRCEE171', 'ENGRCEE40', 'ECON20A', 'ECON20B', 'ENGR190W', 'ENGRCEE60', 'orUPPP8', 'ENGRCEE122', 'ENGRCEE123', 'ENGRCEE149', 'ENGRCEE151B', 'ENGRCEE152', 'ENGRCEE155', 'ENGRCEE156', 'ENGRCEE163', 'ENGRCEE164', 'ENGRCEE165', 'ENGRCEE168', 'ENGRCEE169', 'ENGRCEE172', 'ENGRCEE173', 'ENGRCEE176', 'ENGRCEE178', 'ENGRCEE163', 'ENGRCEE164', 'ENGRCEE165', 'ENGRCEE166', 'ENGRCEE168', 'ENGRCEE169', 'ENGRCEE172', 'ENGRCEE173', 'ENGRCEE176', 'ENGRCEE178', 'ENGRCEE155', 'ENGRCEE149', 'ENGRCEE151B', 'ENGRCEE152', 'ENGRCEE156', 'ENGRMAE155', 'ENGRMAE157', 'ENGRCEE122', 'ENGRCEE123', 'EECS70A', 'ENGRCEE124', 'ENGRCEE125', 'ENGRMAE170', 'ENGRMAE171']"
classics_ba,Classics,"['LATIN103', 'LATIN104', 'CLASSIC140', 'CLASSIC150', 'CLASSIC160', 'CLASSIC170', 'CLASSIC176']"
cognitivesciences_bs,Cognitive Sciences,"['MATH2A', 'MATH2B', 'COGS106', 'COGS107', 'COGS108', 'PSYCH14M', 'orCOGS14P', 'COGS109', 'PSYCH112A', 'PSYCH112LA', 'PSYCH112BW', 'PSYCH112LB', 'PSYCH112C', 'PSYCH112LC', 'COGS112P', 'COGS112LP', 'COGS112R', 'COGS112LR', 'BIOSCI35', 'BIOSCI36', 'BIOSCI37', 'BIOSCI38', 'COGS14P', 'LSCI3', 'LSCI10', 'LSCI20', 'LSCI51', 'I&CSCI31', 'I&CSCI32', 'I&CSCI33', 'LPS30', 'LPS31', 'MATH2D', 'MATH2E', 'MATH3A', 'MATH3D', 'PHYSICS15', 'PSYCH14M', 'STATS7', 'STATS110', 'STATS111', 'STATS112', 'PSYCH130A', 'PSYCH140C', 'PSYCH140J', 'PSYCH140L', 'PSYCH140M', 'PSYCH150', 'PSYCH160A', 'PSYCH160D', 'COMPSCI171', 'COMPSCI178', 'COMPSCI183', 'LSCI102', 'LSCI111', 'LSCI121', 'PSYCH120A', 'PSYCH120D', 'PSYCH120H', 'PSYCH120P', 'PSYCH131A', 'PSYCH131B', 'PSYCH156A', 'PSYCH161', 'PSYCH161H', 'PSYCH162N']"
comparativeliterature_ba, Comparative Literature,"['COMLIT60A', 'COMLIT60B', 'COMLIT60C', 'COMLIT190W', 'COMLIT105', 'COMLIT130', 'COMLIT132', 'COMLIT140', 'COMLIT142', 'COMLIT143', 'COMLIT144', 'COMLIT100A', 'COMLIT105', 'COMLIT107', 'COMLIT123', 'COMLIT150']"
computerengineering_bs,Computer Engineering,"['EECS55', 'EECS70LA', 'EECS145', 'I&CSCI6D', 'MATH2A', 'MATH2B', 'MATH2D', 'MATH3A', 'MATH3D', 'PHYSICS7C', 'PHYSICS7LC', 'PHYSICS7D', 'PHYSICS7E', 'PHYSICS7LD', 'I&CSCI6B', 'MATH2E', 'PHYSICS51A', 'PHYSICS52A', 'EECS12', 'EECS20', 'EECS22', 'EECS22L', 'EECS31', 'EECS31L', 'EECS40', 'EECS50', 'EECS70A', 'EECS70B', 'EECS70LB', 'EECS111', 'EECS112', 'EECS112L', 'EECS113', 'EECS114', 'EECS118', 'EECS119', 'EECS148', 'EECS159A', 'EECS159B', 'EECS170A', 'EECS170LA', 'EECS170B', 'EECS170LB', 'COMPSCI142A', 'EECS101', 'EECS116', 'EECS117', 'EECS120', 'EECS121', 'EECS141A', 'EECS141B', 'EECS150', 'EECS152A', 'EECS152B', 'EECS195', 'EECS199', 'ENGR7A', 'ENGR7B', 'ENGR190W']"
computerscience_bs,Computer Science,[]
criminologylawandsociety_ba,Criminology Law and Society,[]
dance_ba,Dance,"['DANCE2', 'DANCE21A', 'DANCE60A', 'DANCE90A', 'DANCE90B', 'DANCE90C', 'DANCE100', 'DANCE160', 'DANCE185W', 'DANCE162A', 'DANCE163', 'DANCE164', 'DANCE195', 'DANCE170', 'DANCE171', 'DANCE172']"
datascience_bs,Data Science,"['I&CSCI45C', 'I&CSCI46', 'I&CSCI51', 'MATH2A', 'MATH2B', 'MATH2D', 'MATH3A', 'I&CSCI6B', 'I&CSCI6D', 'STATS5', 'STATS7', 'STATS68', 'STATS110', 'STATS111', 'STATS112', 'STATS115', 'STATS120A', 'STATS120B', 'STATS120C', 'I&CSCI139W', 'COMPSCI122A', 'COMPSCI161', 'COMPSCI178', 'MATH130B', 'MATH130C', 'STATS140', 'I&CSCI53', 'COMPSCI111', 'COMPSCI115', 'COMPSCI121', 'COMPSCI122B', 'COMPSCI122C', 'COMPSCI125', 'COMPSCI131', 'COMPSCI134', 'COMPSCI163', 'COMPSCI165', 'COMPSCI169', 'COMPSCI171', 'COMPSCI172B']"
developmentalandcellbiology_bs,Developmental and Cell Biology,[]
drama_ba,Drama,"['DRAMA10', 'DRAMA15', 'DRAMA20A', 'DRAMA20B', 'DRAMA20C', 'DRAMA30A', 'DRAMA30B', 'DRAMA30C', 'DRAMA50A', 'DRAMA50B', 'DRAMA50C', 'DRAMA50D', 'DRAMA50E', 'DRAMA80']"
earthsystemscience_bs,Earth System Science,"['EARTHSS1', 'orEARTHSS3', 'orEARTHSS5', 'EARTHSS51', 'EARTHSS53', 'EARTHSS55', 'EARTHSS114', 'orEARTHSS115', 'EARTHSS116', 'EARTHSS192', 'MATH2A', 'MATH2B', 'STATS7', 'CHEM1LC', 'CHEM1LD', 'PHYSICS3LB', 'PHYSICS3LC', 'PHYSICS7C', 'PHYSICS7E', 'PHYSICS7LC', 'BIOSCI93', 'BIOSCI94', 'BIOSCI98', 'CHEM51A', 'CHEM51B', 'CHEM51LB', 'CHEM51C', 'CHEM51LC', 'CHEM141', 'ENGRCEE162', 'ENGRCEE171', 'ENGRCEE172', 'ENGRCEE176', 'ENGRCEE178', 'ENGRMAE91', 'ENGRMAE130A', 'ENGRMAE164', 'MATH2D', 'MATH3A', 'MATH3D', 'MATH105A', 'MATH112A', 'MATH115', 'PHYSICS115A', 'UPPP133', 'UPPP139', 'UPPP145', 'PUBHLTH161', 'PUBHLTH163', 'PUBHLTH167', 'PUBHLTH171', 'PUBHLTH173', 'EARTHSS122', 'EARTHSS124', 'EARTHSS142', 'EARTHSS199', 'EARTHSS118', 'EARTHSS134', 'EARTHSS138', 'EARTHSS132', 'EARTHSS140', 'orEARTHSS133', 'EARTHSS156', 'EARTHSS199', 'EARTHSS118', 'EARTHSS134', 'EARTHSS138', 'EARTHSS130', 'EARTHSS144', 'EARTHSS148', 'EARTHSS171', 'EARTHSS199', 'EARTHSS118', 'EARTHSS138', 'MATH2A', 'MATH2B', 'STATS7', 'CHEM1A', 'CHEM1B', 'CHEM1C', 'CHEM1LC', 'EARTHSS1', 'EARTHSS51', 'EARTHSS53', 'EARTHSS55', 'PHYSICS3A', 'PHYSICS3B', 'PHYSICS3LB', 'PHYSICS3C', 'PHYSICS3LC', 'CHEM1LD', 'EARTHSS114', 'EARTHSS116', 'EARTHSS192', 'CHEM193', 'orPHYSICS193', 'EARTHSS7', 'orEARTHSS140', 'EDUC55', 'EDUC109', 'EDUC143AW', 'EDUC143BW', 'EDUC148', 'EDUC158', 'LPS60', 'PHYSCI5', 'PHYSCI105', 'PHYSICS20A', 'orPHYSICS20B', 'MATH2A', 'MATH2B', 'STATS7', 'CHEM1A', 'CHEM1B', 'CHEM1C', 'CHEM1LC', 'EARTHSS1', 'PHYSICS20A', 'PHYSCI5', 'EARTHSS51', 'EARTHSS53', 'EARTHSS55', 'PHYSICS3A', 'PHYSICS3B', 'PHYSICS3LB', 'PHYSICS3C', 'PHYSICS3LC', 'CHEM1LD', 'CHEM193', 'LPS60', 'PHYSCI105', 'EARTHSS191', 'EARTHSS114', 'EARTHSS116', 'EDUC55', 'EDUC143AW', 'EDUC148', 'EARTHSS192', 'EDUC143BW', 'EDUC109', 'EDUC158', 'EARTHSS140', 'EDUC158']"
eastasiancultures_ba,East Asian Cultures,"['CHINESE2C', 'JAPANSE2C', 'KOREAN2C', 'KOREAN2KC', 'EAS155', 'EAS190', 'EAS15C', 'EAS15J', 'EAS15K', 'ARTHIS151B', 'ARTHIS151C', 'CHINESE40', 'CHINESE100A', 'CHINESE100B', 'CHINESE100C', 'CHINESE115', 'EAS15C', 'EAS15K', 'EAS15J', 'EAS110', 'HISTORY171D', 'HISTORY171E', 'HISTORY171G', 'EAS120', 'EAS123', 'JAPANSE100A', 'JAPANSE100B', 'JAPANSE101A', 'JAPANSE101B', 'ARTHIS162C', 'HISTORY172G', 'EAS130', 'EAS140', 'KOREAN101A', 'HISTORY173G', 'EAS20', 'EAS40', 'EAS55', 'EAS116', 'EAS117', 'EAS126', 'EAS150', 'EAS155', 'EAS160', 'EAS170', 'EAS190', 'EAS192W', 'ARTHIS150', 'RELSTD120']"
ecologyandevolutionarybiology_bs,Ecology and Evolutionary Biology,"['BIOSCI2E', 'BIOSCI4B', 'ECOEVO201', 'STATS8']"
economics_ba,Economics,"['ECON20A', 'ECON20B', 'ECON15A', 'ECON15B', 'MATH2A', 'MATH2B', 'ECON122A']"
education_ba,Education,"['EDUC10', 'EDUC15', 'EDUC25', 'EDUC30', 'EDUC40', 'EDUC50', 'EDUC107', 'EDUC108', 'EDUC146', 'EDUC173', 'EDUC124', 'EDUC147', 'EDUC142', 'EDUC140', 'EDUC144', 'EDUC150', 'EDUC100', 'EDUC101', 'EDUC132', 'EDUC152', 'EDUC160', 'EDUC161', 'EDUC191']"
electricalengineering_bs,Electrical Engineering,"['ENGR1A', 'orCHEM1A', 'EECS55', 'EECS70LA', 'EECS145', 'MATH2A', 'MATH2B', 'MATH2D', 'MATH2E', 'MATH3A', 'MATH3D', 'PHYSICS7C', 'PHYSICS7LC', 'PHYSICS7D', 'PHYSICS7E', 'PHYSICS7LD', 'PHYSICS51A', 'EECS1', 'EECS10', 'EECS31', 'EECS31L', 'EECS50', 'EECS70A', 'EECS70B', 'EECS70LB', 'EECS150', 'EECS159A', 'EECS159B', 'EECS160A', 'EECS160LA', 'EECS170A', 'EECS170LA', 'EECS170B', 'EECS170LB', 'EECS170C', 'EECS170LC', 'EECS180A', 'ENGR190W', 'EECS170D', 'EECS170E', 'EECS166A', 'EECS174', 'EECS176', 'EECS179', 'EECS182', 'EECS188', 'EECS174', 'EECS188', 'PHYSICS52A', 'EECS170D', 'EECS176', 'EECS179', 'EECS180B', 'ENGR54', 'EECS144', 'EECS180B', 'EECS182', 'EECS170D', 'EECS170E', 'EECS188', 'PHYSICS52A', 'EECS22', 'EECS152A', 'EECS152B', 'EECS20', 'EECS101', 'EECS112', 'EECS141A', 'EECS141B', 'EECS141A', 'EECS141B', 'EECS20', 'EECS22', 'EECS144', 'EECS148', 'EECS152A', 'EECS152B', 'EECS170E', 'EECS188']"
english_ba,English,"['ENGLISH8', 'ENGLISH9', 'ENGLISH10', 'ENGLISH11', 'ENGLISH12', 'ENGLISH15', 'ENGLISH16', 'ENGLISH17', 'ENGLISH100', 'ENGLISH101W', 'ENGLISH102A', 'ENGLISH102B', 'ENGLISH102C', 'ENGLISH102D', 'ENGLISH105', 'ENGLISH106']"
environmentalengineering_bs,Environmental Engineering,"['CHEM1A', 'orENGR1A', 'CHEM1B', 'CHEM1C', 'CHEM1LC', 'CHEM1LD', 'CHEM51A', 'ENGRCEE11', 'MATH2A', 'MATH2B', 'MATH2D', 'MATH2E', 'MATH3A', 'MATH3D', 'PHYSICS7C', 'PHYSICS7LC', 'PHYSICS7D', 'PHYSICS7LD', 'CBE40A', 'EECS70A', 'ENGR7A', 'ENGR7B', 'ENGR54', 'ENGRCEE80', 'orENGRMAE80', 'ENGRCEE20', 'ENGRCEE21', 'ENGRCEE30', 'ENGRCEE81A', 'ENGRCEE81B', 'ENGRMAE91', 'ENGRCEE110', 'ENGRCEE130', 'ENGRCEE130L', 'ENGRCEE150', 'ENGRCEE150L', 'ENGRCEE160', 'ENGRCEE162', 'ENGRCEE170', 'ENGRCEE171', 'ENGRCEE172', 'ENGRCEE173', 'ENGRCEE176', 'ENGRCEE178', 'ENGRCEE163', 'ENGRCEE164', 'ENGRCEE165', 'ENGRCEE166', 'ENGRCEE168', 'ENGRCEE169', 'EARTHSS112', 'ENGRCEE168', 'ENGRMAE110', 'ENGRMAE115', 'ENGRMAE164', 'ENGRCEE40', 'ECON20A', 'ECON20B', 'ENGR190W', 'ENGRCEE60', 'orUPPP8']"
europeanstudies_ba,European Studies,"['EUROST9', 'EUROST10', 'EUROST11', 'EUROST12', 'EUROST13', 'HISTORY70B', 'FRENCH50', 'ITALIAN50', 'RUSSIAN50', 'FRENCH1C', 'orFRENCH1BC', 'orFRENCH1BCSP', 'GERMAN1C', 'orGERMAN1BC', 'ITALIAN1C', 'orITALIAN1BC', 'orITALIAN1BCSP', 'RUSSIAN1C', 'orRUSSIAN1BC', 'EUROST100A', 'EUROST100B', 'EUROST100C', 'EUROST102', 'EUROST103', 'FRENCH150', 'GERMAN150', 'ITALIAN150', 'RUSSIAN150', 'EUROST139W', 'FRENCH139W', 'GERMAN139W', 'RUSSIAN139W']"
exercisesciences_bs,Exercise Sciences,[]
filmandmediastudies_ba,Film and Media Studies,"['FLM&MDA85A', 'FLM&MDA85B', 'FLM&MDA85C', 'FLM&MDA101A', 'FLM&MDA101B', 'FLM&MDA101C', 'FLM&MDA110', 'FLM&MDA111', 'FLM&MDA117A', 'FLM&MDA118A', 'FLM&MDA120A', 'FLM&MDA112', 'FLM&MDA113', 'FLM&MDA115', 'FLM&MDA117B', 'FLM&MDA117C', 'FLM&MDA118B', 'FLM&MDA120B', 'FLM&MDA120C', 'FLM&MDA130', 'FLM&MDA139W', 'FLM&MDA143', 'FLM&MDA144', 'FLM&MDA145', 'FLM&MDA146', 'FLM&MDA150', 'FLM&MDA151', 'FLM&MDA160', 'FLM&MDA161', 'FLM&MDA162', 'FLM&MDA185', 'FLM&MDA190', 'FLM&MDA191', 'FLM&MDA192', 'FLM&MDA193', 'FLM&MDA194']"
french_ba,French,"['FRENCH102A', 'FRENCH102B', 'FRENCH102C', 'FRENCH102D', 'FRENCH102E']"
gamedesignandinteractivemedia_bs,Game Design and Interactive Media,"['GDIM25', 'GDIM27', 'GDIM31', 'GDIM32', 'GDIM33', 'GDIM41', 'GDIM49', 'GDIM51', 'GDIM53', 'GDIM55', 'GDIM61', 'STATS6', 'GDIM129', 'GDIM131', 'GDIM161', 'GDIM167A', 'GDIM167B', 'GDIM127', 'GDIM165', 'GDIM49', 'GDIM127', 'GDIM129', 'GDIM139', 'GDIM149', 'GDIM163', 'GDIM165', 'I&CSCI33', 'STATS7', 'STATS67']"
genderandsexualitystudies_ba,Gender and Sexuality Studies,"['GEN&SEX50A', 'GEN&SEX20', 'GEN&SEX50B', 'GEN&SEX50C', 'GEN&SEX60A', 'GEN&SEX60B', 'GEN&SEX60C', 'GEN&SEX100A', 'GEN&SEX100B', 'GEN&SEX100D', 'GEN&SEX110A', 'GEN&SEX110B', 'GEN&SEX110D', 'GEN&SEX120A', 'GEN&SEX120B', 'GEN&SEX120C', 'GEN&SEX197']"
genetics_bs,Genetics,[]
germanstudies_ba,German Studies,"['GERMAN101', 'GERMAN102', 'GERMAN103', 'GERMAN104', 'GERMAN105', 'GERMAN115', 'GERMAN120', 'GERMAN197', 'GERMAN150', 'GERMAN160', 'GERMAN170', 'EUROST9', 'EUROST10', 'EUROST11', 'EUROST12', 'EUROST13', 'EUROST101A', 'EUROST101B', 'LSCI3']"
globalcultures_ba,Global Cultures,"['HISTORY21A', 'HISTORY21B', 'HISTORY21C', 'GLBLCLT103A', 'GLBLCLT103B', 'GLBLCLT191']"
globalmiddleeaststudies_ba,Global Middle East Studies,['GLBLME100W']
history_ba,History,"['HISTORY70A', 'HISTORY70B', 'HISTORY70C', 'HISTORY70D', 'HISTORY70E', 'HISTORY70F', 'HISTORY100W', 'HISTORY190']"
informatics_bs,Informatics,"['I&CSCI45J', 'I&CSCI6B', 'STATS7', 'orSTATS67', 'IN4MATX100–190', 'MGMT1', 'MGMT102', 'MGMT107', 'MGMT173', 'MGMT178', 'PSCI9', 'PSCI104S', 'SOCIOL41', 'SOCIOL135', 'SOCIOL141', 'SOCIOL143', 'IN4MATX100–190', 'IN4MATX100–190', 'COMPSCI100–199', 'COMPSCI111', 'COMPSCI122A', 'COMPSCI131', 'COMPSCI134', 'COMPSCI145', 'COMPSCI171', 'COMPSCI178', 'PUBHLTH1', 'PUBHLTH2', 'PUBHLTH91', 'PUBHLTH101', 'PUBHLTH122', 'PUBHLTH127', 'PUBHLTH125']"
internationalstudies_ba,International Studies,"['INTLST1', 'INTLST11', 'INTLST12', 'INTLST15', 'INTLST16', 'INTLST17', 'ANTHRO2A', 'HISTORY21A', 'HISTORY21B', 'HISTORY21C', 'INTLST13', 'INTLST14', 'POLSCI51A', 'SOCSCI5D', 'SOCIOL2', 'INTLST100', 'INTLST101A', 'INTLST101B', 'INTLST102A', 'INTLST103A', 'INTLST104A', 'INTLST104BW', 'INTLST106A', 'INTLST106B', 'INTLST146', 'INTLST148W', 'INTLST150', 'INTLST155', 'INTLST163']"
japaneselanguageandliterature_ba,Japanese Language and Literature,"['JAPANSE3C', 'EAS15J', 'EAS190', 'JAPANSE100A', 'JAPANSE100B', 'JAPANSE101A', 'JAPANSE101B', 'EAS120', 'EAS123', 'JAPANSE100A', 'JAPANSE100B', 'JAPANSE101A', 'JAPANSE101B', 'ARTHIS162C', 'HISTORY172G', 'SOCSCI178E']"
koreanliteratureandculture_ba,Korean Literature and Culture,"['KOREAN3C', 'EAS15K', 'EAS130', 'EAS140', 'EAS190', 'EAS20', 'EAS40', 'EAS55', 'EAS116', 'EAS117', 'EAS130', 'EAS140', 'EAS160', 'EAS170', 'KOREAN101A', 'EAS110', 'EAS116', 'EAS120', 'EAS150', 'HISTORY173G']"
languagescience_ba,Language Science,"['LSCI3', 'LSCI10', 'LSCI20', 'LSCI43', 'LSCI51', 'LSCI164A', 'LSCI164B', 'LSCI165B', 'LSCI172', 'SPANISH113A', 'SPANISH113B', 'GERMAN104', 'LSCI102', 'LSCI142', 'LSCI145A', 'LSCI1', 'LSCI2', 'LSCI68', 'LSCI111', 'LSCI115', 'LSCI121', 'LSCI143', 'LSCI145B', 'LSCI145C', 'LSCI158', 'LSCI168J', 'LSCI168S', 'LSCI119', 'LSCI124', 'LSCI129', 'LSCI141', 'LSCI149', 'LSCI176', 'SPANISH187', 'LSCI151', 'LSCI151B', 'LSCI151S', 'LSCI159', 'LSCI165L', 'LSCI175', 'LSCI107M', 'LSCI109', 'COMPSCI142A', 'COMPSCI142B', 'COMPSCI171', 'COMPSCI177', 'PSYCH131B', 'PSYCH161H', 'EDUC134', 'EDUC151', 'BME148', 'DRAMA35', 'JAPANSE100A', 'JAPANSE100B']"
literaryjournalism_ba,Literary Journalism,"['LITJRN20', 'LITJRN21', 'LITJRN100', 'ENGLISH8', 'ENGLISH9', 'ENGLISH10', 'ENGLISH11', 'ENGLISH12', 'ENGLISH15', 'ENGLISH16', 'ENGLISH17', 'ENGLISH105', 'LITJRN101A', 'LITJRN101BW']"
materialsscienceandengineering_bs,Materials Science and Engineering,"['ENGR1A', 'orCHEM1A', 'CHEM1B', 'CHEM1C', 'CHEM1LC', 'MATH2A', 'MATH2B', 'MATH2D', 'MATH3A', 'MATH3D', 'MATH2E', 'PHYSICS7C', 'PHYSICS7LC', 'PHYSICS7D', 'PHYSICS7E', 'PHYSICS7LD', 'MSE60', 'MSE69', 'MSE151', 'MSE155', 'MSE155L', 'MSE158', 'MSE164', 'MSE164L', 'MSE165A', 'MSE165B', 'MSE165C', 'MSE165CL', 'MSE175', 'MSE190', 'EECS70A', 'orENGRMAE60', 'ENGR54', 'ENGR150', 'orENGRMAE150', 'ENGRMAE10', 'ENGRMAE30', 'orENGR30', 'orENGRCEE30', 'ENGRMAE150L', 'BIOSCI93', 'BME50A', 'BME50B', 'EECS70B', 'ENGR7A', 'ENGR7B', 'ENGRMAE52', 'ENGRMAE80', 'orENGRCEE80', 'orENGR80', 'PHYSICS52A', 'STATS7', 'BME110B', 'BME111', 'BME120', 'CBE187', 'EECS170A', 'EECS174', 'EECS176', 'ENGR165', 'ENGRMAE114', 'ENGRMAE117', 'ENGRMAE118', 'ENGRMAE145', 'ENGRMAE147', 'ENGRMAE151B', 'ENGRMAE153', 'ENGRMAE157', 'MSE141', 'MSE142', 'MSE171', 'MSE178', 'MSE174', 'orENGRMAE155', 'MSE176', 'MSE199', 'ENGR190W', 'CBE187', 'ENGR165', 'ENGRMAE153', 'MSE171', 'MSE178', 'MSE174', 'ENGRMAE114', 'ENGRMAE117', 'ENGRMAE118', 'MSE141', 'MSE171', 'BME110B', 'BME111', 'BME120', 'ENGRMAE153', 'CBE187', 'EECS170A', 'EECS174', 'EECS176', 'MSE141', 'MSE176', 'ENGR165', 'MSE178', 'MSE174', 'ENGRMAE145', 'ENGRMAE147', 'ENGRMAE155', 'ENGRMAE157']"
mathematics_bs,Mathematics,"['MATH2A', 'MATH2B', 'MATH2D', 'MATH3A', 'MATH3D', 'MATH13', 'MATH9', 'MATH120A', 'MATH121A', 'MATH130A', 'MATH140A', 'MATH140B', 'MATH2E', 'MATH120B', 'MATH121B', 'MATH147', 'MATH2A', 'MATH2B', 'MATH2D', 'MATH13', 'MATH3A', 'MATH3D', 'MATH2E', 'MATH9', 'MATH130A', 'MATH140A', 'MATH140B', 'MATH120A', 'MATH120B', 'MATH141', 'MATH121A', 'MATH121B', 'MATH115', 'MATH150', 'MATH147', 'MATH112A', 'MATH180A', 'MATH2E', 'MATH10', 'STATS7', 'PHYSICS7C', 'MATH105A', 'MATH105B', 'MATH105LA', 'MATH105LB', 'MATH121B', 'MATH130B', 'MATH110A', 'MATH110B', 'MATH120B', 'MATH147', 'MATH115', 'MATH117', 'MATH118', 'MATH130C', 'MATH134A', 'MATH134B', 'MATH140C', 'MATH162A', 'MATH162B', 'MATH173A', 'MATH173B', 'MATH175', 'MATH176', 'STATS110', 'COMPSCI171', 'COMPSCI172B', 'COMPSCI177', 'COMPSCI178', 'COMPSCI179', 'COMPSCI183', 'COMPSCI184A', 'COMPSCI184C', 'MATH2A', 'MATH2B', 'MATH3A', 'STATS7', 'PHYSICS7C', 'MATH9', 'MATH2D', 'MATH2E', 'MATH3D', 'MATH13', 'MATH10', 'MATH105A', 'MATH105LA', 'MATH105B', 'MATH105LB', 'MATH120A', 'MATH121A', 'MATH121B', 'MATH130A', 'MATH130B', 'MATH120B', 'MATH110A', 'MATH110B', 'MATH140A', 'MATH140B', 'MATH147', 'MATH2E', 'MATH10', 'STATS7', 'PHYSICS7C', 'MATH120B', 'MATH121B', 'MATH130B', 'MATH130C', 'MATH134A', 'MATH134B', 'MATH134C', 'MATH147', 'MATH105A', 'MATH105B', 'MATH110A', 'MATH173A', 'MATH176', 'COMPSCI171', 'COMPSCI172B', 'COMPSCI177', 'COMPSCI178', 'ECON20A', 'ECON20B', 'ECON122A', 'orECON123A', 'ECON132A', 'ECON134A', 'orECON161A', 'MATH2A', 'MATH2B', 'MATH2D', 'STATS7', 'MATH9', 'MATH10', 'MATH13', 'MATH2E', 'MATH3A', 'MATH3D', 'ECON20A', 'ECON20B', 'PHYSICS7C', 'MATH130A', 'MATH130B', 'MATH130C', 'MATH140A', 'MATH140B', 'MATH140C', 'ECON105A', 'ECON105B', 'ECON105C', 'MATH121A', 'MATH121B', 'MATH134A', 'MATH134B', 'MATH134C', 'MATH120A', 'MATH176', 'MATH121A', 'ECON134A', 'ECON132A', 'MATH147', 'MATH2E', 'MATH105A', 'MATH105B', 'MATH112A', 'MATH112B', 'MATH115', 'MATH121B', 'MATH107', 'MATH110A', 'MATH110B', 'MATH112C', 'MATH117', 'MATH118', 'MATH130B', 'MATH130C', 'MATH134A', 'MATH134B', 'MATH140C', 'MATH176', 'MATH2A', 'MATH2B', 'MATH2D', 'MATH13', 'MATH2E', 'MATH3A', 'MATH3D', 'MATH9', 'MATH112A', 'MATH112B', 'MATH115', 'MATH121A', 'MATH121B', 'MATH140B', 'MATH130A', 'MATH140A', 'MATH105A', 'MATH105LA', 'MATH105B', 'MATH105LB', 'MATH107', 'MATH107L', 'MATH117', 'MATH118', 'MATH120A', 'MATH2E', 'BIOSCI93', 'BIOSCI94', 'BIOSCI97', 'CHEM1A', 'CHEM1B', 'PHYSICS2', 'PHYSICS7C', 'PHYSICS7D', 'MATH105A', 'MATH105B', 'MATH112A', 'MATH112B', 'MATH113A', 'MATH113B', 'MATH115', 'MATH2A', 'MATH2B', 'MATH2D', 'BIOSCI93', 'BIOSCI94', 'MATH13', 'MATH2E', 'MATH3A', 'MATH3D', 'CHEM1A', 'CHEM1B', 'MATH9', 'MATH113A', 'MATH113B', 'MATH115', 'MATH105A', 'MATH105LA', 'MATH105B', 'MATH105LB', 'MATH121A', 'MATH140A', 'MATH140B', 'MATH112A', 'MATH112B', 'MATH115', 'MATH130A', 'MATH120A', 'MATH8', 'MATH105A', 'MATH105LA', 'MATH120B', 'MATH130B', 'MATH150', 'MATH161', 'MATH180A', 'MATH184', 'MATH184L', 'PHYSCI5', 'PHYSCI105', 'MATH2A', 'MATH2B', 'MATH2D', 'MATH13', 'MATH3A', 'MATH3D', 'MATH8', 'PHYSCI5', 'PHYSCI105', 'MATH121A', 'MATH9', 'MATH130A', 'MATH130B', 'MATH161', 'MATH140A', 'MATH120A', 'MATH120B', 'MATH140B', 'MATH105A', 'MATH105LA', 'MATH180A', 'MATH184', 'MATH184L', 'MATH150', 'MATH8', 'MATH105A', 'MATH105LA', 'MATH120B', 'MATH130B', 'MATH150', 'MATH161', 'MATH180A', 'MATH184', 'MATH184L', 'CHEM193', 'orPHYSICS193', 'EDUC55', 'EDUC109', 'EDUC143AW', 'EDUC143BW', 'EDUC148', 'EDUC158', 'PHYSCI5', 'PHYSCI105', 'MATH2A', 'MATH2B', 'MATH2D', 'PHYSCI5', 'MATH13', 'MATH8', 'MATH9', 'MATH3A', 'MATH3D', 'MATH161', 'PHYSCI105', 'MATH180A', 'MATH121A', 'CHEM193', 'MATH130A', 'MATH130B', 'MATH184', 'MATH184L', 'MATH140A', 'MATH120A', 'MATH120B', 'EDUC55', 'MATH140B', 'EDUC148', 'EDUC143AW', 'MATH105A', 'MATH105LA', 'EDUC109', 'EDUC158', 'MATH150', 'EDUC158', 'EDUC143BW']"
mechanicalengineering_bs,Mechanical Engineering,"['CHEM1A', 'orENGR1A', 'CHEM1LE', 'MATH2A', 'MATH2B', 'MATH2D', 'MATH2E', 'MATH3A', 'MATH3D', 'PHYSICS7C', 'PHYSICS7LC', 'PHYSICS7D', 'PHYSICS7E', 'PHYSICS7LD', 'PHYSICS52A', 'ENGR54', 'ENGRMAE10', 'ENGRMAE30', 'ENGRMAE52', 'ENGRMAE60', 'orEECS70A', 'ENGRMAE80', 'ENGRMAE91', 'ENGRMAE106', 'ENGRMAE107', 'ENGRMAE112', 'orENGRMAE115', 'ENGRMAE120', 'ENGRMAE130A', 'ENGRMAE130B', 'ENGRMAE145', 'ENGRMAE147', 'ENGRMAE150', 'ENGRMAE150L', 'ENGRMAE151A', 'ENGRMAE151B', 'ENGRMAE155', 'orENGRMAE156', 'orENGRMAE157', 'ENGRMAE170', 'ECON20A', 'orECON23', 'ENGR190W', 'ENGRMAE112', 'ENGRMAE135', 'ENGRMAE136', 'ENGRMAE158', 'ENGRMAE159', 'ENGRMAE175', 'ENGRMAE110', 'ENGRMAE112', 'ENGRMAE114', 'ENGRMAE115', 'ENGRMAE117', 'ENGRMAE118', 'ENGRMAE164', 'ENGRMAE110', 'ENGRMAE112', 'ENGRMAE113', 'ENGRMAE132', 'ENGRMAE135', 'ENGR165', 'ENGRMAE152', 'ENGRMAE171', 'ENGRMAE172', 'ENGRMAE183', 'ENGRMAE188']"
microbiologyandimmunology_bs,Microbiology and Immunology,['MOLBIO205']
music_ba,Music,"['MUSIC15', 'MUSIC16D', 'MUSIC40B', 'MUSIC40C', 'MUSIC40D', 'MUSIC65–70', 'MUSIC51', 'MUSIC131', 'MUSIC132', 'MUSIC136', 'MUSIC147', 'MUSIC150', 'MUSIC151', 'MUSIC152', 'MUSIC153', 'MUSIC155', 'MUSIC157', 'MUSIC183A', 'MUSIC183B', 'MUSIC183C', 'MUSIC189', 'AFAM143', 'AFAM144', 'MUSIC4', 'MUSIC8', 'MUSIC9', 'MUSIC41', 'MUSIC42', 'MUSIC44', 'MUSIC45', 'MUSIC48', 'MUSIC78', 'MUSIC82A', 'MUSIC82B', 'MUSIC82C', 'MUSIC140', 'MUSIC141', 'MUSIC142', 'MUSIC143', 'MUSIC144', 'MUSIC145', 'MUSIC146', 'MUSIC148', 'MUSIC149', 'MUSIC156A', 'MUSIC156B', 'MUSIC181', 'MUSIC21A', 'MUSIC21B', 'MUSIC21C', 'MUSIC158A', 'MUSIC158B', 'MUSIC158C', 'MUSIC160', 'MUSIC161', 'MUSIC162', 'MUSIC164', 'MUSIC171', 'MUSIC176', 'MUSIC178', 'MUSIC182', 'MUSIC193', 'MUSIC197']"
neurobiology_bs,Neurobiology,[]
nursingscience_bs,Nursing Science,"['BIOSCI93', 'BIOSCI97', 'PHRMSCI120', 'PHRMSCI120L', 'PUBHLTH1', 'PHILOS4', 'PHILOS5', 'PSCI9', 'PSYCH7A', 'ANTHRO2A', 'ANTHRO2D', 'ANTHRO41A', 'SOCSCI1A', 'SOCIOL1', 'SOCIOL2', 'SOCIOL3', 'SOCIOL31', 'SOCIOL44', 'SOCIOL62', 'PSYCH10A', 'SOCSCI10A', 'SOCIOL10A', 'STATS7', 'STATS8', 'NURSCI50', 'NURSCI101', 'NURSCI108W', 'NURSCI109A', 'NURSCI109B', 'NURSCI116', 'NURSCI117', 'NURSCI119', 'NURSCI121A', 'NURSCI121B', 'NURSCI125', 'NURSCI128', 'NURSCI173', 'NURSCI172', 'NURSCI174', 'NURSCI176', 'NURSCI171', 'NURSCI175', 'NURSCI179AW', 'NURSCI179B']"
pharmaceuticalsciences_bs,Pharmaceutical Sciences,"['CHEM1LC', 'CHEM1LD', 'MATH2A', 'MATH2B', 'MATH2D', 'MATH3A', 'STATS7', 'STATS8', 'BIOSCI93', 'BIOSCI94', 'BIOSCI97', 'BIOSCI98', 'BIOSCI99', 'PHRMSCI1', 'PHRMSCI42', 'PHRMSCI76', 'BIOSCI100', 'PHRMSCI170A', 'PHRMSCI170B', 'PHRMSCI171', 'PHRMSCI172', 'PHRMSCI173', 'PHRMSCI174', 'PHRMSCI174L', 'PHRMSCI177', 'PHRMSCI177L', 'CHEM107', 'CHEM107L', 'CHEM125', 'CHEM128', 'CHEM128L', 'CHEM138', 'CHEM156', 'CHEM160']"
philosophy_ba,Philosophy,"['PHILOS1', 'PHILOS2', 'PHILOS3', 'PHILOS4', 'PHILOS5', 'PHILOS30', 'PHILOS104', 'PHILOS10', 'PHILOS12', 'PHILOS13', 'PHILOS101', 'PHILOS102W', 'PHILOS103', 'PHILOS100W', 'PHILOS105–199']"
physics_bs,Physics,"['MATH2A', 'orMATH5A', 'MATH2B', 'MATH2D', 'MATH2E', 'MATH3A', 'MATH3D', 'PHYSICS7LC', 'PHYSICS7LD', 'PHYSICS50', 'PHYSICS53', 'PHYSICS60', 'PHYSICS61A', 'PHYSICS61B', 'orPHYSICS61C', 'PHYSICS111A', 'PHYSICS111B', 'PHYSICS112A', 'PHYSICS112B', 'PHYSICS113A', 'PHYSICS115A', 'PHYSICS121W', 'PHYSICS125A', 'PHYSICS194', 'MATH2B', 'MATH2D', 'MATH2E', 'PHYSICS7C', 'PHYSICS7LC', 'PHYSICS7D', 'PHYSICS7LD', 'PHYSICS7E', 'MATH3A', 'MATH3D', 'PHYSICS52C', 'PHYSICS52A', 'PHYSICS52B', 'PHYSICS53', 'PHYSICS60', 'PHYSICS61A', 'PHYSICS111A', 'PHYSICS111B', 'PHYSICS112B', 'PHYSICS50', 'PHYSICS112A', 'PHYSICS113A', 'PHYSICS115A', 'PHYSICS121W', 'PHYSICS194', 'PHYSICS125A', 'I&CSCI31', 'I&CSCI32', 'I&CSCI33', 'MATH105A', 'MATH105B', 'MATH105LA', 'MATH105LB', 'MATH107', 'MATH107L', 'I&CSCI31', 'I&CSCI32', 'I&CSCI33', 'MATH105A', 'MATH105LA', 'MATH105B', 'MATH105LB', 'MATH107', 'MATH107L', 'LPS40', 'LPS60', 'LPS30', 'LPS104', 'MATH150', 'LPS31', 'LPS104', 'LPS140', 'MATH150', 'PHYSICS113B', 'LPS141B', 'LPS141D', 'EDUC55', 'PHYSCI5', 'PHYSCI105', 'PHYSICS193', 'BIOSCI1A', 'BIOSCI93', 'BIOSCI94', 'EARTHSS1', 'EARTHSS7', 'PHYSICS20A', 'PHYSICS20B', 'LPS60', 'EDUC109', 'EDUC143AW', 'EDUC143BW', 'EDUC148', 'EDUC158', 'MATH2B', 'MATH2D', 'MATH2E', 'PHYSICS7C', 'PHYSICS7LC', 'PHYSICS7D', 'PHYSICS7LD', 'PHYSICS7E', 'PHYSCI5', 'MATH3A', 'MATH3D', 'PHYSICS60', 'PHYSICS52A', 'PHYSICS61A', 'PHYSICS61B', 'PHYSCI105', 'PHYSICS52B', 'PHYSICS52C', 'PHYSICS193', 'LPS60', 'PHYSICS50', 'PHYSICS111B', 'PHYSICS53', 'PHYSICS111A', 'PHYSICS112A', 'PHYSICS112B', 'PHYSICS113A', 'EDUC143AW', 'EDUC148', 'EDUC55', 'PHYSICS115A', 'PHYSICS121W', 'EDUC109', 'EDUC143BW', 'EDUC158', 'EDUC158', 'PHYSICS61C', 'PHYSICS139', 'PHYSICS137', 'PHYSICS138', 'PHYSICS144', 'PHYSICS145', 'PHYSICS113B', 'PHYSICS125B', 'PHYSICS116', 'PHYSICS134A', 'PHYSICS135', 'PHYSICS136', 'PHYSICS137', 'PHYSICS116', 'PHYSICS113B', 'PHYSICS138', 'PHYSICS135', 'PHYSICS139', 'PHYSICS125B']"
politicalscience_ba,Political Science,"['POLSCI11A', 'POLSCI11C', 'POLSCI21A', 'POLSCI31A', 'POLSCI41A', 'POLSCI51A', 'POLSCI61A', 'POLSCI71A']"
psychologicalscience_ba,Psychological Science,"['PSCI11A', 'PSCI11B', 'PSCI11C', 'PSCI101D', 'PSCI102C', 'PSCI103H', 'PSCI104S', 'PSCI220', 'PSCI221', 'PSCI221', 'PSCI222', 'PSCI223', 'PSCI225', 'PSCI226', 'PSCI227', 'PSCI228', 'PSCI231', 'PSCI236', 'PSCI237', 'PSCI340', 'PSCI341', 'PSCI343', 'PSCI344', 'PSCI346', 'PSCI348', 'PSCI349', 'PSCI353', 'PSCI354', 'PSCI355', 'PSCI357', 'PSCI358', 'PSCI100', 'PSCI190A–193Z', 'PSCI196', 'SOCECOL190']"
psychology_ba,Psychology B.A.,"['ANTHRO2A', 'ANTHRO2B', 'ANTHRO2D', 'ECON1', 'LSCI3', 'POLSCI11C', 'SOCSCI5A', 'SOCIOL1', 'SOCIOL2', 'SOCIOL3', 'PSYCH112A', 'PSYCH112LA', 'PSYCH112M', 'PSYCH112LM', 'PSYCH112R', 'PSYCH112LR', 'PSYCH120A', 'PSYCH120D', 'PSYCH120H', 'PSYCH120P', 'PSYCH130A', 'PSYCH140C', 'PSYCH140L', 'PSYCH140M', 'PSYCH150', 'PSYCH160A', 'PSYCH160D']"
psychology_bs,Psychology B.S.,"['LPS31', 'BIOSCI35', 'BIOSCI36', 'BIOSCI37', 'BIOSCI38', 'BIOSCI41', 'BIOSCI47', 'BIOSCI75', 'BIOSCI93', 'BIOSCI94', 'CHEM1A', 'CHEM1LA', 'CHEM1B', 'CHEM1C', 'CHEM1LC', 'COGS108', 'PHYSICS3A', 'PHYSICS3B', 'PHYSICS3LB', 'PHYSICS3C', 'PHYSICS3LC', 'PHYSICS7C', 'PHYSICS7LC', 'PHYSICS7D', 'PHYSICS7LD', 'PHYSICS7E', 'COGS14P', 'MATH2A', 'MATH2B', 'MATH5A', 'MATH5B', 'MATH3A', 'MATH3D', 'LPS30', 'LPS40', 'LPS60', 'PHYSICS15', 'CHEM51A', 'CHEM51B', 'CHEM51LB', 'CHEM51C', 'CHEM51LC', 'PSYCH120A', 'PSYCH120D', 'PSYCH120H', 'PSYCH120P', 'PSYCH130A', 'PSYCH140C', 'PSYCH140J', 'PSYCH140L', 'PSYCH140M', 'PSYCH150', 'PSYCH160A', 'PSYCH160D', 'PSYCH160H', 'PSYCH112A', 'PSYCH112LA', 'PSYCH112BW', 'PSYCH112LB', 'PSYCH112C', 'PSYCH112LC', 'PSYCH112M', 'PSYCH112LM', 'PSYCH112P', 'PSYCH112LP', 'PSYCH112R', 'PSYCH112LR']"
publichealthpolicy_ba,Public Health Policy,"['PUBHLTH1', 'PUBHLTH2', 'PUBHLTH30', 'PUBHLTH60', 'PUBHLTH80', 'PUBHLTH90', 'PUBHLTH7A', 'PUBHLTH7B', 'PSCI9', 'SOCIOL1', 'SOCIOL2', 'SOCIOL3', 'ECON1', 'ECON13', 'ECON20A', 'ECON20B', 'ANTHRO2A', 'ANTHRO2B', 'ANTHRO2C', 'ANTHRO2D', 'ANTHRO41A', 'POLSCI31A', 'POLSCI51A', 'UPPP8', 'INTLST11', 'INTLST13', 'PUBHLTH101', 'PUBHLTH122', 'PUBHLTH144', 'PUBHLTH170', 'PUBHLTH139', 'orPUBHLTH159', 'ECON123A', 'ECON123B', 'MGMT101', 'MGMT107', 'MGMT165', 'MGMT166', 'UPPP102', 'UPPP103', 'UPPP112', 'UPPP166', 'PUBHLTH240', 'PUBHLTH241', 'PUBHLTH242', 'PUBHLTH245', 'PUBHLTH246', 'PUBHLTH247', 'PUBHLTH249', 'PUBHLTH252', 'PUBHLTH255', 'PUBHLTH258', 'PUBHLTH259', 'PUBHLTH174', 'PUBHLTH190', 'PUBHLTH193', 'SOCIOL154', 'ANTHRO134A', 'ANTHRO134C', 'ANTHRO134F', 'PSCI137H', 'PSCI138H', 'PSCI183S', 'PUBHLTH102', 'PUBHLTH281', 'PUBHLTH284', 'PUBHLTH286', 'PUBHLTH287', 'PUBHLTH288', 'PUBHLTH290', 'PUBHLTH299', 'PUBHLTH176', 'PUBHLTH195W']"
publichealthsciences_bs,Public Health Sciences,[]
quantitativeeconomics_ba,Quantitative Economics,"['ECON20A', 'ECON20B', 'MATH2A', 'MATH2B', 'MATH3A', 'ECON123A', 'ECON123B', 'ECON107', 'ECON116A', 'ECON116B', 'ECON122CW', 'ECON123CW', 'ECON126', 'ECON128', 'ECON129', 'ECON131A', 'ECON135']"
religiousstudies_ba,Religious Studies,['RELSTD110']
socialecology_ba,Social Ecology,[]
socialpolicyandpublicservice_ba,Social Policy and Public Service,"['SOCSCI1A', 'SOCSCI2A', 'SOCSCI3A', 'SOCSCI40', 'SOCSCI70C', 'orSOCIOL63', 'SOCSCI181A', 'SOCSCI102A', 'SOCSCI170A', 'SOCSCI194A', 'EDUC124', 'EDUC126', 'EDUC132', 'EDUC150', 'EDUC157', 'EDUC175', 'EDUC180', 'ECON158', 'SOCSCI196', 'ANTHRO121J', 'INTLST161A', 'INTLST165', 'INTLST177C', 'INTLST177E', 'POLSCI122A', 'POLSCI122B', 'POLSCI124A', 'POLSCI124B', 'POLSCI124C', 'POLSCI124E', 'POLSCI125A', 'POLSCI126C', 'POLSCI126D', 'POLSCI130A', 'POLSCI130B', 'POLSCI142D', 'POLSCI151H', 'POLSCI171D', 'POLSCI171F', 'POLSCI172A', 'POLSCI174A', 'POLSCI174C', 'POLSCI179', 'SOCSCI152A', 'SOCSCI188A', 'SOCIOL138', 'SOCIOL141', 'SOCIOL144', 'SOCIOL177W', 'ANTHRO128B', 'ANTHRO132A', 'ANTHRO134A', 'PSYCH120A', 'PSYCH120D', 'PSYCH121S', 'PSYCH174E', 'SOCIOL135', 'SOCIOL154']"
sociology_ba,Sociology,"['SOCIOL1', 'SOCIOL2', 'orSOCIOL3', 'SOCIOL110', 'SOCIOL120', 'SOCIOL180A']"
softwareengineering_bs,Software Engineering,"['I&CSCI45C', 'I&CSCI45J', 'I&CSCI46', 'I&CSCI51', 'MATH2A', 'MATH2B', 'I&CSCI6B', 'I&CSCI6D', 'I&CSCI6N', 'orMATH3A', 'STATS67', 'COMPSCI122A', 'COMPSCI143A', 'COMPSCI132', 'COMPSCI161', 'I&CSCI139W', 'COMPSCI133', 'COMPSCI134', 'COMPSCI142A', 'COMPSCI142B', 'COMPSCI145', 'COMPSCI146', 'COMPSCI165', 'I&CSCI167', 'I&CSCI168']"
spanish_ba,Spanish,"['SPANISH101A', 'SPANISH101B', 'SPANISH113B', 'SPANISH119', 'SPANISH190']"
urbanstudies_ba,Urban Studies,"['UPPP4', 'UPPP5', 'UPPP40', 'UPPP101', 'UPPP107', 'UPPP113', 'UPPP131', 'UPPP146', 'UPPP155', 'UPPP166', 'UPPP120', 'UPPP125', 'UPPP127']"